[
  {
    "country_name": "Afghanistan",
    "dial_code": "+93",
    "code": "AF"
  },
  {
    "country_name": "Aland Islands",
    "dial_code": "+358",
    "code": "AX"
  },
  {
    "country_name": "Albania",
    "dial_code": "+355",
    "code": "AL"
  },
  {
    "country_name": "Algeria",
    "dial_code": "+213",
    "code": "DZ"
  },
  {
    "country_name": "AmericanSamoa",
    "dial_code": "+1684",
    "code": "AS"
  },
  {
    "country_name": "Andorra",
    "dial_code": "+376",
    "code": "AD"
  },
  {
    "country_name": "Angola",
    "dial_code": "+244",
    "code": "AO"
  },
  {
    "country_name": "Anguilla",
    "dial_code": "+1264",
    "code": "AI"
  },
  {
    "country_name": "Antarctica",
    "dial_code": "+672",
    "code": "AQ"
  },
  {
    "country_name": "Antigua and Barbuda",
    "dial_code": "+1268",
    "code": "AG"
  },
  {
    "country_name": "Argentina",
    "dial_code": "+54",
    "code": "AR"
  },
  {
    "country_name": "Armenia",
    "dial_code": "+374",
    "code": "AM"
  },
  {
    "country_name": "Aruba",
    "dial_code": "+297",
    "code": "AW"
  },
  {
    "country_name": "Australia",
    "dial_code": "+61",
    "code": "AU"
  },
  {
    "country_name": "Austria",
    "dial_code": "+43",
    "code": "AT"
  },
  {
    "country_name": "Azerbaijan",
    "dial_code": "+994",
    "code": "AZ"
  },
  {
    "country_name": "Bahamas",
    "dial_code": "+1242",
    "code": "BS"
  },
  {
    "country_name": "Bahrain",
    "dial_code": "+973",
    "code": "BH"
  },
  {
    "country_name": "Bangladesh",
    "dial_code": "+880",
    "code": "BD"
  },
  {
    "country_name": "Barbados",
    "dial_code": "+1246",
    "code": "BB"
  },
  {
    "country_name": "Belarus",
    "dial_code": "+375",
    "code": "BY"
  },
  {
    "country_name": "Belgium",
    "dial_code": "+32",
    "code": "BE"
  },
  {
    "country_name": "Belize",
    "dial_code": "+501",
    "code": "BZ"
  },
  {
    "country_name": "Benin",
    "dial_code": "+229",
    "code": "BJ"
  },
  {
    "country_name": "Bermuda",
    "dial_code": "+1441",
    "code": "BM"
  },
  {
    "country_name": "Bhutan",
    "dial_code": "+975",
    "code": "BT"
  },
  {
    "country_name": "Bolivia",
    "dial_code": "+591",
    "code": "BO"
  },
  {
    "country_name": "Caribisch Nederland",
    "dial_code": "+599",
    "code": "BQ"
  },
  {
    "country_name": "Bosnia and Herzegovina",
    "dial_code": "+387",
    "code": "BA"
  },
  {
    "country_name": "Botswana",
    "dial_code": "+267",
    "code": "BW"
  },
  {
    "country_name": "Bouvet Island",
    "dial_code": "+55",
    "code": "BV"
  },
  {
    "country_name": "Brazil",
    "dial_code": "+55",
    "code": "BR"
  },
  {
    "country_name": "British Indian Ocean Territory",
    "dial_code": "+246",
    "code": "IO"
  },
  {
    "country_name": "Brunei Darussalam",
    "dial_code": "+673",
    "code": "BN"
  },
  {
    "country_name": "Bulgaria",
    "dial_code": "+359",
    "code": "BG"
  },
  {
    "country_name": "Burkina Faso",
    "dial_code": "+226",
    "code": "BF"
  },
  {
    "country_name": "Burundi",
    "dial_code": "+257",
    "code": "BI"
  },
  {
    "country_name": "Cambodia",
    "dial_code": "+855",
    "code": "KH"
  },
  {
    "country_name": "Cameroon",
    "dial_code": "+237",
    "code": "CM"
  },
  {
    "country_name": "Canada",
    "dial_code": "+1",
    "code": "CA"
  },
  {
    "country_name": "Cape Verde",
    "dial_code": "+238",
    "code": "CV"
  },
  {
    "country_name": "Cayman Islands",
    "dial_code": "+1345",
    "code": "KY"
  },
  {
    "country_name": "Central African Republic",
    "dial_code": "+236",
    "code": "CF"
  },
  {
    "country_name": "Chad",
    "dial_code": "+235",
    "code": "TD"
  },
  {
    "country_name": "Chile",
    "dial_code": "+56",
    "code": "CL"
  },
  {
    "country_name": "China",
    "dial_code": "+86",
    "code": "CN"
  },
  {
    "country_name": "Christmas Island",
    "dial_code": "+61",
    "code": "CX"
  },
  {
    "country_name": "Cocos (Keeling) Islands",
    "dial_code": "+61",
    "code": "CC"
  },
  {
    "country_name": "Colombia",
    "dial_code": "+57",
    "code": "CO"
  },
  {
    "country_name": "Comoros",
    "dial_code": "+269",
    "code": "KM"
  },
  {
    "country_name": "Congo",
    "dial_code": "+242",
    "code": "CG"
  },
  {
    "country_name": "The Democratic Republic of Congo",
    "dial_code": "+243",
    "code": "CD"
  },
  {
    "country_name": "Cook Islands",
    "dial_code": "+682",
    "code": "CK"
  },
  {
    "country_name": "Costa Rica",
    "dial_code": "+506",
    "code": "CR"
  },
  {
    "country_name": "Cote d'Ivoire",
    "dial_code": "+225",
    "code": "CI"
  },
  {
    "country_name": "Croatia",
    "dial_code": "+385",
    "code": "HR"
  },
  {
    "country_name": "Cuba",
    "dial_code": "+53",
    "code": "CU"
  },
  {
    "country_name": "Curaçao",
    "dial_code": "+5999",
    "code": "CW"
  },
  {
    "country_name": "Cyprus",
    "dial_code": "+357",
    "code": "CY"
  },
  {
    "country_name": "Czech Republic",
    "dial_code": "+420",
    "code": "CZ"
  },
  {
    "country_name": "Denmark",
    "dial_code": "+45",
    "code": "DK"
  },
  {
    "country_name": "Djibouti",
    "dial_code": "+253",
    "code": "DJ"
  },
  {
    "country_name": "Dominica",
    "dial_code": "+1767",
    "code": "DM"
  },
  {
    "country_name": "Dominican Republic",
    "dial_code": "+1849",
    "code": "DO"
  },
  {
    "country_name": "Ecuador",
    "dial_code": "+593",
    "code": "EC"
  },
  {
    "country_name": "Egypt",
    "dial_code": "+20",
    "code": "EG"
  },
  {
    "country_name": "El Salvador",
    "dial_code": "+503",
    "code": "SV"
  },
  {
    "country_name": "Equatorial Guinea",
    "dial_code": "+240",
    "code": "GQ"
  },
  {
    "country_name": "Eritrea",
    "dial_code": "+291",
    "code": "ER"
  },
  {
    "country_name": "Estonia",
    "dial_code": "+372",
    "code": "EE"
  },
  {
    "country_name": "Ethiopia",
    "dial_code": "+251",
    "code": "ET"
  },
  {
    "country_name": "Falkland Islands (Malvinas)",
    "dial_code": "+500",
    "code": "FK"
  },
  {
    "country_name": "Faroe Islands",
    "dial_code": "+298",
    "code": "FO"
  },
  {
    "country_name": "Fiji",
    "dial_code": "+679",
    "code": "FJ"
  },
  {
    "country_name": "Finland",
    "dial_code": "+358",
    "code": "FI"
  },
  {
    "country_name": "France",
    "dial_code": "+33",
    "code": "FR"
  },
  {
    "country_name": "French Guiana",
    "dial_code": "+594",
    "code": "GF"
  },
  {
    "country_name": "French Polynesia",
    "dial_code": "+689",
    "code": "PF"
  },
  {
    "country_name": "French Southern and Antarctic Lands",
    "dial_code": "+262",
    "code": "TF"
  },
  {
    "country_name": "Gabon",
    "dial_code": "+241",
    "code": "GA"
  },
  {
    "country_name": "Gambia",
    "dial_code": "+220",
    "code": "GM"
  },
  {
    "country_name": "Georgia",
    "dial_code": "+995",
    "code": "GE"
  },
  {
    "country_name": "Germany",
    "dial_code": "+49",
    "code": "DE"
  },
  {
    "country_name": "Ghana",
    "dial_code": "+233",
    "code": "GH"
  },
  {
    "country_name": "Gibraltar",
    "dial_code": "+350",
    "code": "GI"
  },
  {
    "country_name": "Greece",
    "dial_code": "+30",
    "code": "GR"
  },
  {
    "country_name": "Greenland",
    "dial_code": "+299",
    "code": "GL"
  },
  {
    "country_name": "Grenada",
    "dial_code": "+1473",
    "code": "GD"
  },
  {
    "country_name": "Guadeloupe",
    "dial_code": "+590",
    "code": "GP"
  },
  {
    "country_name": "Guam",
    "dial_code": "+1671",
    "code": "GU"
  },
  {
    "country_name": "Guatemala",
    "dial_code": "+502",
    "code": "GT"
  },
  {
    "country_name": "Guernsey",
    "dial_code": "+44",
    "code": "GG"
  },
  {
    "country_name": "Guinea",
    "dial_code": "+224",
    "code": "GN"
  },
  {
    "country_name": "Guinea-Bissau",
    "dial_code": "+245",
    "code": "GW"
  },
  {
    "country_name": "Guyana",
    "dial_code": "+592",
    "code": "GY"
  },
  {
    "country_name": "Haiti",
    "dial_code": "+509",
    "code": "HT"
  },
  {
    "country_name": "Heard Island and McDonald Islands",
    "dial_code": "+672",
    "code": "HM"
  },
  {
    "country_name": "Holy See (Vatican City State)",
    "dial_code": "+379",
    "code": "VA"
  },
  {
    "country_name": "Honduras",
    "dial_code": "+504",
    "code": "HN"
  },
  {
    "country_name": "Hong Kong",
    "dial_code": "+852",
    "code": "HK"
  },
  {
    "country_name": "Hungary",
    "dial_code": "+36",
    "code": "HU"
  },
  {
    "country_name": "Iceland",
    "dial_code": "+354",
    "code": "IS"
  },
  {
    "country_name": "India",
    "dial_code": "+91",
    "code": "IN"
  },
  {
    "country_name": "Indonesia",
    "dial_code": "+62",
    "code": "ID"
  },
  {
    "country_name": "Iran",
    "dial_code": "+98",
    "code": "IR"
  },
  {
    "country_name": "Iraq",
    "dial_code": "+964",
    "code": "IQ"
  },
  {
    "country_name": "Ireland",
    "dial_code": "+353",
    "code": "IE"
  },
  {
    "country_name": "Isle of Man",
    "dial_code": "+44",
    "code": "IM"
  },
  {
    "country_name": "Israel",
    "dial_code": "+972",
    "code": "IL"
  },
  {
    "country_name": "Italy",
    "dial_code": "+39",
    "code": "IT"
  },
  {
    "country_name": "Jamaica",
    "dial_code": "+1876",
    "code": "JM"
  },
  {
    "country_name": "Japan",
    "dial_code": "+81",
    "code": "JP"
  },
  {
    "country_name": "Jersey",
    "dial_code": "+44",
    "code": "JE"
  },
  {
    "country_name": "Jordan",
    "dial_code": "+962",
    "code": "JO"
  },
  {
    "country_name": "Kazakhstan",
    "dial_code": "+77",
    "code": "KZ"
  },
  {
    "country_name": "Kenya",
    "dial_code": "+254",
    "code": "KE"
  },
  {
    "country_name": "Kiribati",
    "dial_code": "+686",
    "code": "KI"
  },
  {
    "country_name": "North Korea",
    "dial_code": "+850",
    "code": "KP"
  },
  {
    "country_name": "South Korea",
    "dial_code": "+82",
    "code": "KR"
  },
  {
    "country_name": "Kosovo",
    "dial_code": "+383",
    "code": "XK"
  },
  {
    "country_name": "Kuwait",
    "dial_code": "+965",
    "code": "KW"
  },
  {
    "country_name": "Kyrgyzstan",
    "dial_code": "+996",
    "code": "KG"
  },
  {
    "country_name": "Laos",
    "dial_code": "+856",
    "code": "LA"
  },
  {
    "country_name": "Latvia",
    "dial_code": "+371",
    "code": "LV"
  },
  {
    "country_name": "Lebanon",
    "dial_code": "+961",
    "code": "LB"
  },
  {
    "country_name": "Lesotho",
    "dial_code": "+266",
    "code": "LS"
  },
  {
    "country_name": "Liberia",
    "dial_code": "+231",
    "code": "LR"
  },
  {
    "country_name": "Libyan Arab Jamahiriya",
    "dial_code": "+218",
    "code": "LY"
  },
  {
    "country_name": "Liechtenstein",
    "dial_code": "+423",
    "code": "LI"
  },
  {
    "country_name": "Lithuania",
    "dial_code": "+370",
    "code": "LT"
  },
  {
    "country_name": "Luxembourg",
    "dial_code": "+352",
    "code": "LU"
  },
  {
    "country_name": "Macao",
    "dial_code": "+853",
    "code": "MO"
  },
  {
    "country_name": "Macedonia",
    "dial_code": "+389",
    "code": "MK"
  },
  {
    "country_name": "Madagascar",
    "dial_code": "+261",
    "code": "MG"
  },
  {
    "country_name": "Malawi",
    "dial_code": "+265",
    "code": "MW"
  },
  {
    "country_name": "Malaysia",
    "dial_code": "+60",
    "code": "MY"
  },
  {
    "country_name": "Maldives",
    "dial_code": "+960",
    "code": "MV"
  },
  {
    "country_name": "Mali",
    "dial_code": "+223",
    "code": "ML"
  },
  {
    "country_name": "Malta",
    "dial_code": "+356",
    "code": "MT"
  },
  {
    "country_name": "Marshall Islands",
    "dial_code": "+692",
    "code": "MH"
  },
  {
    "country_name": "Martinique",
    "dial_code": "+596",
    "code": "MQ"
  },
  {
    "country_name": "Mauritania",
    "dial_code": "+222",
    "code": "MR"
  },
  {
    "country_name": "Mauritius",
    "dial_code": "+230",
    "code": "MU"
  },
  {
    "country_name": "Mayotte",
    "dial_code": "+262",
    "code": "YT"
  },
  {
    "country_name": "Mexico",
    "dial_code": "+52",
    "code": "MX"
  },
  {
    "country_name": "Micronesia",
    "dial_code": "+691",
    "code": "FM"
  },
  {
    "country_name": "Moldova",
    "dial_code": "+373",
    "code": "MD"
  },
  {
    "country_name": "Monaco",
    "dial_code": "+377",
    "code": "MC"
  },
  {
    "country_name": "Mongolia",
    "dial_code": "+976",
    "code": "MN"
  },
  {
    "country_name": "Montenegro",
    "dial_code": "+382",
    "code": "ME"
  },
  {
    "country_name": "Montserrat",
    "dial_code": "+1664",
    "code": "MS"
  },
  {
    "country_name": "Morocco",
    "dial_code": "+212",
    "code": "MA"
  },
  {
    "country_name": "Mozambique",
    "dial_code": "+258",
    "code": "MZ"
  },
  {
    "country_name": "Myanmar",
    "dial_code": "+95",
    "code": "MM"
  },
  {
    "country_name": "Namibia",
    "dial_code": "+264",
    "code": "NA"
  },
  {
    "country_name": "Nauru",
    "dial_code": "+674",
    "code": "NR"
  },
  {
    "country_name": "Nepal",
    "dial_code": "+977",
    "code": "NP"
  },
  {
    "country_name": "Netherlands",
    "dial_code": "+31",
    "code": "NL"
  },
  {
    "country_name": "Netherlands Antilles",
    "dial_code": "+599",
    "code": "AN"
  },
  {
    "country_name": "New Caledonia",
    "dial_code": "+687",
    "code": "NC"
  },
  {
    "country_name": "New Zealand",
    "dial_code": "+64",
    "code": "NZ"
  },
  {
    "country_name": "Nicaragua",
    "dial_code": "+505",
    "code": "NI"
  },
  {
    "country_name": "Niger",
    "dial_code": "+227",
    "code": "NE"
  },
  {
    "country_name": "Nigeria",
    "dial_code": "+234",
    "code": "NG"
  },
  {
    "country_name": "Niue",
    "dial_code": "+683",
    "code": "NU"
  },
  {
    "country_name": "Norfolk Island",
    "dial_code": "+672",
    "code": "NF"
  },
  {
    "country_name": "Northern Mariana Islands",
    "dial_code": "+1670",
    "code": "MP"
  },
  {
    "country_name": "Norway",
    "dial_code": "+47",
    "code": "NO"
  },
  {
    "country_name": "Oman",
    "dial_code": "+968",
    "code": "OM"
  },
  {
    "country_name": "Pakistan",
    "dial_code": "+92",
    "code": "PK"
  },
  {
    "country_name": "Palau",
    "dial_code": "+680",
    "code": "PW"
  },
  {
    "country_name": "Palestina",
    "dial_code": "+970",
    "code": "PS"
  },
  {
    "country_name": "Panama",
    "dial_code": "+507",
    "code": "PA"
  },
  {
    "country_name": "Papua New Guinea",
    "dial_code": "+675",
    "code": "PG"
  },
  {
    "country_name": "Paraguay",
    "dial_code": "+595",
    "code": "PY"
  },
  {
    "country_name": "Peru",
    "dial_code": "+51",
    "code": "PE"
  },
  {
    "country_name": "Philippines",
    "dial_code": "+63",
    "code": "PH"
  },
  {
    "country_name": "Pitcairn",
    "dial_code": "+870",
    "code": "PN"
  },
  {
    "country_name": "Poland",
    "dial_code": "+48",
    "code": "PL"
  },
  {
    "country_name": "Portugal",
    "dial_code": "+351",
    "code": "PT"
  },
  {
    "country_name": "Puerto Rico",
    "dial_code": "+1939",
    "code": "PR"
  },
  {
    "country_name": "Qatar",
    "dial_code": "+974",
    "code": "QA"
  },
  {
    "country_name": "Romania",
    "dial_code": "+40",
    "code": "RO"
  },
  {
    "country_name": "Russia",
    "dial_code": "+7",
    "code": "RU"
  },
  {
    "country_name": "Rwanda",
    "dial_code": "+250",
    "code": "RW"
  },
  {
    "country_name": "Reunion",
    "dial_code": "+262",
    "code": "RE"
  },
  {
    "country_name": "Saint Barthelemy",
    "dial_code": "+590",
    "code": "BL"
  },
  {
    "country_name": "Saint Helena, Ascension and Tristan Da Cunha",
    "dial_code": "+290",
    "code": "SH"
  },
  {
    "country_name": "Saint Kitts and Nevis",
    "dial_code": "+1869",
    "code": "KN"
  },
  {
    "country_name": "Saint Lucia",
    "dial_code": "+1758",
    "code": "LC"
  },
  {
    "country_name": "Saint Martin",
    "dial_code": "+590",
    "code": "MF"
  },
  {
    "country_name": "Saint Pierre and Miquelon",
    "dial_code": "+508",
    "code": "PM"
  },
  {
    "country_name": "Saint Vincent and the Grenadines",
    "dial_code": "+1784",
    "code": "VC"
  },
  {
    "country_name": "Samoa",
    "dial_code": "+685",
    "code": "WS"
  },
  {
    "country_name": "San Marino",
    "dial_code": "+378",
    "code": "SM"
  },
  {
    "country_name": "Sao Tome and Principe",
    "dial_code": "+239",
    "code": "ST"
  },
  {
    "country_name": "Saudi Arabia",
    "dial_code": "+966",
    "code": "SA"
  },
  {
    "country_name": "Senegal",
    "dial_code": "+221",
    "code": "SN"
  },
  {
    "country_name": "Serbia",
    "dial_code": "+381",
    "code": "RS"
  },
  {
    "country_name": "Seychelles",
    "dial_code": "+248",
    "code": "SC"
  },
  {
    "country_name": "Sierra Leone",
    "dial_code": "+232",
    "code": "SL"
  },
  {
    "country_name": "Singapore",
    "dial_code": "+65",
    "code": "SG"
  },
  {
    "country_name": "Sint Maarten",
    "dial_code": "+1721",
    "code": "SX"
  },
  {
    "country_name": "Slovakia",
    "dial_code": "+421",
    "code": "SK"
  },
  {
    "country_name": "Slovenia",
    "dial_code": "+386",
    "code": "SI"
  },
  {
    "country_name": "Solomon Islands",
    "dial_code": "+677",
    "code": "SB"
  },
  {
    "country_name": "Somalia",
    "dial_code": "+252",
    "code": "SO"
  },
  {
    "country_name": "South Africa",
    "dial_code": "+27",
    "code": "ZA"
  },
  {
    "country_name": "South Sudan",
    "dial_code": "+211",
    "code": "SS"
  },
  {
    "country_name": "South Georgia and the South Sandwich Islands",
    "dial_code": "+500",
    "code": "GS"
  },
  {
    "country_name": "Spain",
    "dial_code": "+34",
    "code": "ES"
  },
  {
    "country_name": "Sri Lanka",
    "dial_code": "+94",
    "code": "LK"
  },
  {
    "country_name": "Sudan",
    "dial_code": "+249",
    "code": "SD"
  },
  {
    "country_name": "Suriname",
    "dial_code": "+597",
    "code": "SR"
  },
  {
    "country_name": "Svalbard and Jan Mayen",
    "dial_code": "+47",
    "code": "SJ"
  },
  {
    "country_name": "Swaziland",
    "dial_code": "+268",
    "code": "SZ"
  },
  {
    "country_name": "Sweden",
    "dial_code": "+46",
    "code": "SE"
  },
  {
    "country_name": "Switzerland",
    "dial_code": "+41",
    "code": "CH"
  },
  {
    "country_name": "Syrian Arab Republic",
    "dial_code": "+963",
    "code": "SY"
  },
  {
    "country_name": "Taiwan",
    "dial_code": "+886",
    "code": "TW"
  },
  {
    "country_name": "Tajikistan",
    "dial_code": "+992",
    "code": "TJ"
  },
  {
    "country_name": "Tanzania",
    "dial_code": "+255",
    "code": "TZ"
  },
  {
    "country_name": "Thailand",
    "dial_code": "+66",
    "code": "TH"
  },
  {
    "country_name": "Timor-Leste",
    "dial_code": "+670",
    "code": "TL"
  },
  {
    "country_name": "Togo",
    "dial_code": "+228",
    "code": "TG"
  },
  {
    "country_name": "Tokelau",
    "dial_code": "+690",
    "code": "TK"
  },
  {
    "country_name": "Tonga",
    "dial_code": "+676",
    "code": "TO"
  },
  {
    "country_name": "Trinidad and Tobago",
    "dial_code": "+1868",
    "code": "TT"
  },
  {
    "country_name": "Tunisia",
    "dial_code": "+216",
    "code": "TN"
  },
  {
    "country_name": "Turkey",
    "dial_code": "+90",
    "code": "TR"
  },
  {
    "country_name": "Turkmenistan",
    "dial_code": "+993",
    "code": "TM"
  },
  {
    "country_name": "Turks and Caicos Islands",
    "dial_code": "+1649",
    "code": "TC"
  },
  {
    "country_name": "Tuvalu",
    "dial_code": "+688",
    "code": "TV"
  },
  {
    "country_name": "Uganda",
    "dial_code": "+256",
    "code": "UG"
  },
  {
    "country_name": "Ukraine",
    "dial_code": "+380",
    "code": "UA"
  },
  {
    "country_name": "United Arab Emirates",
    "dial_code": "+971",
    "code": "AE"
  },
  {
    "country_name": "United Kingdom",
    "dial_code": "+44",
    "code": "GB"
  },
  {
    "country_name": "United States",
    "dial_code": "+1",
    "code": "US"
  },
  {
    "country_name": "United States Minor Outlying Islands",
    "dial_code": "+1581",
    "code": "UM"
  },
  {
    "country_name": "Uruguay",
    "dial_code": "+598",
    "code": "UY"
  },
  {
    "country_name": "Uzbekistan",
    "dial_code": "+998",
    "code": "UZ"
  },
  {
    "country_name": "Vanuatu",
    "dial_code": "+678",
    "code": "VU"
  },
  {
    "country_name": "Venezuela",
    "dial_code": "+58",
    "code": "VE"
  },
  {
    "country_name": "Vietnam",
    "dial_code": "+84",
    "code": "VN"
  },
  {
    "country_name": "British Virgin Islands",
    "dial_code": "+1284",
    "code": "VG"
  },
  {
    "country_name": "United States Virgin Islands",
    "dial_code": "+1340",
    "code": "VI"
  },
  {
    "country_name": "Wallis and Futuna",
    "dial_code": "+681",
    "code": "WF"
  },
  {
    "country_name": "Western Sahara",
    "dial_code": "+212",
    "code": "EH"
  },
  {
    "country_name": "Yemen",
    "dial_code": "+967",
    "code": "YE"
  },
  {
    "country_name": "Zambia",
    "dial_code": "+260",
    "code": "ZM"
  },
  {
    "country_name": "Zimbabwe",
    "dial_code": "+263",
    "code": "ZW"
  }
]
